{"_step":9,"epoch":9,"graph":{"_type":"graph-file","sha256":"84cc938aaa2004642cf8006092707acb89d4a324e0681e7b37bec7c2ea571bbb","size":991,"path":"media/graph/graph_summary_84cc938aaa2004642cf8.graph.json"},"val_accuracy":0.8669354915618896,"_runtime":6815.2657357,"best_epoch":9,"_wandb":{"runtime":7063},"_timestamp":1.7301078014288204e+09,"val_loss":0.36824649572372437,"best_val_loss":0.36824649572372437,"accuracy":0.8354524970054626,"loss":0.44260069727897644}